cost,rf,lag,strat,CAGR,MDD,Calmar
0.002,0.01,0,BuyHold,0.16739155001290862,-0.5921985815602835,0.28266118026131887
0.002,0.01,0,MA26,0.16731560728803796,-0.25348914323607974,0.660050387768337
0.002,0.01,0,MA40,0.18038130403209007,-0.24142101985598308,0.7471648663388734
0.002,0.01,1,BuyHold,0.16739155001290862,-0.5921985815602835,0.28266118026131887
0.002,0.01,1,MA26,0.17334056273577447,-0.23740557732719947,0.7301452842317656
0.002,0.01,1,MA40,0.17124395253647595,-0.288328340226108,0.5939199469680501
0.002,0.01,2,BuyHold,0.16739155001290862,-0.5921985815602835,0.28266118026131887
0.002,0.01,2,MA26,0.16228642557838358,-0.29190624296485157,0.5559539389430752
0.002,0.01,2,MA40,0.16858836866383609,-0.2844978712747307,0.5925821796432198
0.002,0.02,0,BuyHold,0.16739155001290862,-0.5921985815602835,0.28266118026131887
0.002,0.02,0,MA26,0.17074238348289983,-0.24945748052441652,0.6844548542860306
0.002,0.02,0,MA40,0.18358741242511334,-0.23740557732719947,0.7733070742987966
0.002,0.02,1,BuyHold,0.16739155001290862,-0.5921985815602835,0.28266118026131887
0.002,0.02,1,MA26,0.17678502581306543,-0.23740557732719947,0.7446540549020675
0.002,0.02,1,MA40,0.17442524239059143,-0.2873696777357869,0.6069716323757766
0.002,0.02,2,BuyHold,0.16739155001290862,-0.5921985815602835,0.28266118026131887
0.002,0.02,2,MA26,0.1656984380880393,-0.2886309633079521,0.5740840698066371
0.002,0.02,2,MA40,0.17176244551846276,-0.2844978712747308,0.6037389480239628
0.004,0.01,0,BuyHold,0.16739155001290862,-0.5921985815602835,0.28266118026131887
0.004,0.01,0,MA26,0.15853353175359097,-0.27723296080906157,0.5718422920959159
0.004,0.01,0,MA40,0.17575667200016065,-0.2558268277083162,0.6870142337087163
0.004,0.01,1,BuyHold,0.16739155001290862,-0.5921985815602835,0.28266118026131887
0.004,0.01,1,MA26,0.16451821488625007,-0.23740557732719936,0.6929837821775612
0.004,0.01,1,MA40,0.1666628875821965,-0.2911814622681883,0.5723677815337508
0.004,0.01,2,BuyHold,0.16739155001290862,-0.5921985815602835,0.28266118026131887
0.004,0.01,2,MA26,0.15358815500455592,-0.29617155882204005,0.5185783389040475
0.004,0.01,2,MA40,0.1640101895743964,-0.2844978712747307,0.5764900413473283
0.004,0.02,0,BuyHold,0.16739155001290862,-0.5921985815602835,0.28266118026131887
0.004,0.02,0,MA26,0.1619353724176491,-0.2733272826555233,0.5924595995114679
0.004,0.02,0,MA40,0.17895066577307506,-0.2506544318601144,0.7139337790482162
0.004,0.02,1,BuyHold,0.16739155001290862,-0.5921985815602835,0.28266118026131887
0.004,0.02,1,MA26,0.16793762857507066,-0.23740557732719947,0.7073870397897771
0.004,0.02,1,MA40,0.16983217769703685,-0.2902263686201134,0.5851714249966571
0.004,0.02,2,BuyHold,0.16739155001290862,-0.5921985815602835,0.28266118026131887
0.004,0.02,2,MA26,0.15697547439386206,-0.292915461462111,0.5359070962328393
0.004,0.02,2,MA40,0.16717227352054542,-0.2844978712747309,0.5876046550770577
