test_start,test_end,train_weeks,lo,hi,train_utility
2016-12-30,2017-12-22,194,0.05,0.2,0.027899993846688065
2017-12-29,2018-12-21,246,0.05,0.2,0.08843909182620646
2018-12-28,2019-12-20,298,0.05,0.2,0.09454476420806801
2019-12-27,2020-12-18,350,0.4,0.5,0.10091925805892815
2020-12-25,2021-12-17,402,0.2,0.3,0.06060132783807698
2021-12-24,2022-12-16,454,0.2,0.3,0.045788635597504956
2022-12-23,2023-12-15,506,0.5,0.9,-0.09051175476553425
2023-12-22,2024-12-13,558,0.5,0.9,-0.10249676854914774
2024-12-20,2025-12-12,610,0.5,0.9,-0.08801016333030492
2025-12-19,2026-09-18,662,0.5,0.9,-0.07023250544051834
